Size (Kb),Time (s),Throughput (Kb/s)
1.282,0.001154738,1110.208549
0.003,0.000700505,4.282624678
0.002,0.000776998,2.5740092
0.007,0.000748355,9.353849443
0.022,0.000752873,29.22139591
5.434,0.001162802,4673.194577
0.235,0.000789511,297.6525976
0.004,0.000753554,5.308179639
0.022,0.00070837,31.05721586
0.037,0.000734047,50.40549175
0.004,0.000739487,5.409155266
0.122,0.000736111,165.7358741
0.118,0.000726965,162.3186811
0.002,0.000714391,2.799587341
0.326,0.000800593,407.1981644
0.042,0.000727906,57.69975794
0.035,0.000758423,46.14838949
0.008,0.00074075,10.799865
0.489,0.000769464,635.5073142
0.01,0.000751811,13.30121533
0.165,0.000755628,218.3614159
0.016,0.000741532,21.5769515
0.01,0.000732134,13.65870182
0.093,0.000747342,124.441019
0.618,0.000788439,783.827284
0.756,0.000764665,988.6682403
1.268,0.000800303,1584.399909
0.011,0.00074053,14.85422603
0.014,0.000801063,17.47677773
0.046,0.000737103,62.40647508
0.171,0.000716685,238.5985475
0.164,0.000718308,228.3143164
0.006,0.000869101,6.903685533
0.014,0.000719451,19.45928215
0.2,0.00071392,280.1434334
0.004,0.000707428,5.654285666
0.01,0.000733286,13.63724386
0.03,0.000732655,40.94696685
0.154,0.000778411,197.8389308
0.067,0.000832833,80.44830116
2.589,0.001090517,2374.103292
0.006,0.000851559,7.045900519
0.008,0.000738146,10.83796431
0.035,0.000740039,47.29480473
0.099,0.000699743,141.480515
0.021,0.000823435,25.50292373
0.011,0.001021477,10.7687202
0.013,0.000877397,14.81655397
0.005,0.000928683,5.38396848
0.173,0.000849003,203.7684201
0.987,0.000942198,1047.550515
0.01,0.000886354,11.28217394
0.002,0.001089215,1.836184775
0.086,0.001056753,81.38136348
0.015,0.000752903,19.92288515
0.011,0.000733036,15.00608429
1.979,0.000886294,2232.893374
0.017,0.000749797,22.67280344
0.01,0.00069264,14.43751444
0.005,0.00072466,6.899787487
0.312,0.000754206,413.6800821
0.03,0.000909848,32.97254047
0.003,0.000730721,4.105534123
0.01,0.000729469,13.70860174
0.013,0.000721814,18.01017991
0.005,0.000723848,6.907527547
0.029,0.000737604,39.31648961
0.023,0.000726534,31.65715576
0.078,0.000707157,110.3008243
0.084,0.000763192,110.0640468
0.087,0.000731883,118.871459
0.173,0.000751691,230.1477602
0.008,0.000738796,10.82842896
0.009,0.000741241,12.14180004
0.004,0.000739899,5.406143271
0.006,0.000723588,8.292011476
0.005,0.000733777,6.814059312
0.025,0.000751961,33.24640507
2.568,0.00099074,2592.001938
0.023,0.000747192,30.78191415
0.022,0.000761279,28.89873489
0.004,0.000754025,5.304863897
0.032,0.000730831,43.78577263
0.005,0.000811222,6.16354093
1.789,0.000898336,1991.459766
0.217,0.000745419,291.111442
0.01,0.000714151,14.0026409
0.012,0.000741451,16.18448151
0.047,0.000717566,65.49920147
0.024,0.000753714,31.84231685
0.297,0.000750208,395.8902064
0.009,0.000676379,13.30614936
0.017,0.000710424,23.92937176
0.018,0.000741252,24.28323971
0.004,0.000720662,5.550452223
0.042,0.000775114,54.18557786
0.006,0.000690706,8.686763978
0.031,0.000690736,44.87966459
0.019,0.000710112,26.75634266
0.026,0.000751361,34.60387217
0.024,0.000716264,33.50719846
0.009,0.000752292,11.96343973
0.003,0.000722936,4.149744929
0.004,0.000749967,5.33356801
2.135,0.000866777,2463.147961
0.106,0.000782128,135.5276886
0.023,0.000739187,31.11526583
0.133,0.00076733,173.3282942
0.007,0.000703571,9.949244639
1.113,0.000864492,1287.461307
0.241,0.000789422,305.2866528
0.018,0.000750258,23.99174684
0.008,0.000746311,10.71939178
0.006,0.000745419,8.049164296
0.535,0.000802276,666.8528038
1.974,0.0008949,2205.833054
0.008,0.000720903,11.09719338
0.004,0.000710533,5.62957667
2.131,0.000920617,2314.751954
0.007,0.000787608,8.887670008
0.008,0.000716245,11.16936244
0.007,0.000734187,9.534355689
2.188,0.000859453,2545.805297
0.004,0.000715373,5.591488636
0.011,0.000742694,14.81094502
0.03,0.000767761,39.07465995
0.025,0.000738496,33.85258688
0.04,0.000742905,53.84268513
0.008,0.00073571,10.87384975
0.298,0.000766859,388.5981647
0.011,0.000752883,14.61050389
0.009,0.000733857,12.26396968
0.022,0.000741762,29.65910899
0.343,0.00074611,459.717736
0.007,0.000695636,10.06273396
0.071,0.000754456,94.10754239
0.011,0.000755097,14.56766482
0.026,0.000742123,35.03462364
0.076,0.000745168,101.9904236
0.031,0.000771388,40.18729874
0.005,0.00071391,7.003683938
0.013,0.000727224,17.87619771
3.441,0.000927351,3710.569137
0.005,0.000729229,6.856556719
0.033,0.000725802,45.46694553
0.175,0.000795062,220.1086205
0.004,0.000752312,5.31694297
0.32,0.000777629,411.5072869
0.009,0.000694994,12.94975208
0.013,0.000716955,18.13223982
0.019,0.000719961,26.39031836
0.012,0.000755108,15.89176648
4.012,0.001004516,3993.963262
0.255,0.000757171,336.7799348
0.113,0.000753575,149.951896
0.019,0.000733035,25.91963549
0.014,0.000862038,16.24058336
0.004,0.000693662,5.766497228
0.029,0.0007775,37.29903537
0.015,0.000718979,20.86291811
0.039,0.000766618,50.87279453
0.016,0.000731714,21.86646695
0.011,0.00070858,15.52400576
0.225,0.000782058,287.7024466
0.894,0.000777479,1149.870286
0.007,0.000736503,9.504374049
0.009,0.000814329,11.05204408
0.034,0.000769033,44.21136674
0.004,0.000726684,5.504455857
0.004,0.000741962,5.391111674
0.024,0.000763313,31.44188557
0.005,0.000733356,6.817971081
0.972,0.000834587,1164.647904
0.459,0.000761649,602.6397986
0.208,0.000802526,259.181634
0.008,0.000757842,10.5562901
0.016,0.000739327,21.64130351
0.013,0.000729519,17.81996082
0.007,0.000714741,9.793757459
0.019,0.000764976,24.83738052
0.023,0.000738877,31.12832041
0.012,0.00074589,16.08816313
0.021,0.00075143,27.94671493
0.008,0.00070352,11.37138958
0.363,0.000782739,463.7561179
0.02,0.000772069,25.90442046
0.372,0.000786356,473.0681778
0.151,0.000692569,218.0288173
0.019,0.000752712,25.24205805
1.575,0.000853151,1846.097584
0.083,0.000739719,112.2047696
0.009,0.000699623,12.86407108
0.581,0.000858542,676.7286865
0.486,0.000768092,632.7367034
0.019,0.000691719,27.46780123
0.028,0.000707067,39.60020762
0.023,0.00069806,32.94845715
0.007,0.000695997,10.05751462
0.011,0.000774193,14.2083434
0.241,0.000781086,308.5447697
0.005,0.000781116,6.401097916
0.053,0.000811683,65.2964273
0.004,0.000761379,5.25362533
0.004,0.000750388,5.330575649
0.005,0.000698862,7.154488297
0.005,0.000737935,6.775664523
0.434,0.000769895,563.7132336
0.057,0.000719991,79.16765626
0.03,0.000705354,42.53183508
0.005,0.000732945,6.821794268
0.021,0.000722185,29.07842173
0.004,0.000697199,5.737242882
0.037,0.000749236,49.3836388
0.002,0.000736152,2.71683022
0.006,0.000738516,8.124400825
0.084,0.000761349,110.3304792
0.004,0.000741993,5.390886437
0.001,0.000761158,1.313787676
0.331,0.000738476,448.220389
0.154,0.000749847,205.3752299
0.086,0.000772881,111.2719811
0.004,0.000766618,5.217722516
0.094,0.000741642,126.7457884
0.089,0.000791756,112.4083682
0.008,0.000747002,10.70947601
0.053,0.000721414,73.46683042
0.006,0.000772329,7.768709967
0.012,0.000752222,15.95273736
0.147,0.000754356,194.8682055
0.042,0.000797657,52.65421102
0.014,0.000726053,19.28233889
0.167,0.000806724,207.0100803
0.057,0.000716966,79.5016779
0.407,0.000747222,544.6841769
0.005,0.000712727,7.015308807
0.007,0.000723047,9.681251703
0.005,0.000681039,7.341723455
0.004,0.000694814,5.756936389
0.03,0.000739358,40.57574274
0.164,0.000733767,223.5041914
0.029,0.00075146,38.5915418
0.015,0.000738185,20.32010946
0.009,0.000714541,12.59549837
0.005,0.000699493,7.148034362
0.156,0.000754466,206.768761
0.828,0.000792497,1044.798908
0.004,0.000723578,5.528084049
0.004,0.00073547,5.438699063
0.004,0.000721805,5.541662914
0.008,0.000919205,8.70317285
0.139,0.000752392,184.7441227
0.015,0.000739507,20.28378366
0.177,0.000735941,240.5084103
0.005,0.000699833,7.144561631
0.01,0.000721304,13.86378004
0.097,0.000730621,132.7637722
0.003,0.000717436,4.181557658
0.019,0.000684324,27.76462611
0.004,0.000716504,5.582662483
0.018,0.00071944,25.01945958
1.851,0.000893988,2070.497591
0.042,0.000705073,59.56830002
0.008,0.00071936,11.12099644
0.012,0.000730141,16.4351817
0.011,0.00070358,15.6343273
0.005,0.000733997,6.812016943
0.013,0.000716154,18.15252027
0.016,0.000716555,22.32906057
0.006,0.000720081,8.332395939
0.113,0.000732665,154.23147
0.458,0.000787038,581.9286998
0.007,0.000761399,9.193602828
0.004,0.00073501,5.442102829
0.155,0.000773111,200.488675
0.018,0.000759495,23.69995853
0.053,0.000720422,73.56799209
0.031,0.000738486,41.97777615
0.023,0.000733848,31.34164023
0.01,0.00075131,13.31008505
0.053,0.0007885,67.21623335
0.025,0.000782127,31.96411836
0.166,0.000755628,219.6848185
0.005,0.000762641,6.556164696
0.03,0.000707287,42.4155965
0.015,0.000729659,20.55754811
0.069,0.000717486,96.16912386
0.074,0.00076175,97.14473252
1.119,0.000826922,1353.211065
0.044,0.000762131,57.73285695
2.049,0.000935876,2189.392612
0.023,0.000757252,30.3729802
0.027,0.000715253,37.74888047
0.005,0.000778061,6.426231362
0.019,0.000726483,26.15339932
0.008,0.000732284,10.92472319
0.888,0.000802916,1105.968744
0.01,0.000732475,13.65234308
0.014,0.000912663,15.33972562
0.041,0.000742714,55.20294488
0.16,0.000752552,212.6098927
0.256,0.000811223,315.5729066
0.868,0.000780355,1112.314267
0.011,0.000711064,15.46977487
0.701,0.000780024,898.6902967
1.954,0.000824066,2371.1693
0.009,0.00076176,11.8147448
0.018,0.000733637,24.5352947
0.005,0.000786516,6.357149759
0.005,0.000728157,6.866651011
0.002,0.000803017,2.490607297
1.49,0.00086296,1726.61537
0.045,0.000725141,62.05689652
0.008,0.000692119,11.55870595
0.013,0.000712498,18.24566525
0.018,0.00076189,23.62545774
0.643,0.000786716,817.3216256
0.095,0.000717677,132.3715265
0.004,0.00074051,5.401682624
0.193,0.000745289,258.9599471
0.03,0.00074613,40.20747055
0.17,0.000750979,226.3711768
0.009,0.000743054,12.11217489
0.084,0.000703931,119.3298775
4.338,0.001096678,3955.582222
0.198,0.000716144,276.4807078
0.035,0.00071425,49.00245012
0.082,0.000750268,109.2942788
2.085,0.000877126,2377.081514
2.014,0.000835579,2410.304711
0.107,0.000763783,140.0921466
0.004,0.000701236,5.704213703
0.001,0.000720532,1.387863412
0.018,0.000744167,24.18811906
0.043,0.00071369,60.25024871
0.26,0.000701998,370.3714256
0.009,0.000731643,12.30108127
0.026,0.000703009,36.9838793
0.027,0.000941147,28.68839831
0.017,0.000722887,23.51681521
0.911,0.000817584,1114.258596
0.006,0.000690847,8.684991033
0.067,0.000722576,92.72381037
0.039,0.000727966,53.57393065
1.46,0.000817314,1786.339155
0.271,0.000763684,354.858816
0.009,0.000749106,12.01432107
0.006,0.00069839,8.591188305
0.021,0.000732445,28.67109476
0.005,0.000706566,7.076479763
0.006,0.000725221,8.273340127
0.014,0.000748696,18.6991783
0.098,0.000748504,130.927824
0.227,0.000749897,302.7082386
2.011,0.000840698,2392.059931
0.579,0.000809258,715.4702209
0.07,0.000692179,101.12991
1.842,0.000917472,2007.690698
0.007,0.000732825,9.552075871
0.008,0.000718328,11.13697364
0.611,0.000835828,731.0116435
0.057,0.000779313,73.14134372
0.466,0.000793549,587.2353188
0.03,0.000747373,40.14059914
0.018,0.000691698,26.02291752
0.004,0.000710704,5.628222157
0.097,0.000736723,131.6641397
0.01,0.000712788,14.02941688
0.022,0.000779754,28.21402648
0.067,0.000747783,89.59818557
0.391,0.000773902,505.2319286
0.76,0.000787829,964.6763447
0.012,0.000723888,16.57715006
0.009,0.000770806,11.6760897
0.006,0.000742674,8.07891484
0.827,0.00076224,1084.960118
0.008,0.000740159,10.80848845
0.024,0.000812866,29.52516159
0.007,0.000725973,9.642231874
0.09,0.000699122,128.7328964
0.019,0.000723007,26.27913699
0.006,0.000710203,8.448288729
0.021,0.000718177,29.2407025
0.004,0.000757982,5.27717017
0.017,0.000759565,22.38123136
0.008,0.000724059,11.04882337
0.018,0.000695556,25.87857771
0.008,0.000721514,11.08779594
0.197,0.000738275,266.8382378
0.005,0.000730571,6.843961778
0.011,0.00073532,14.95947343
0.004,0.0007246,5.520287055
0.006,0.000736893,8.142294743
0.108,0.000903175,119.5781548
0.079,0.000762782,103.5682541
0.095,0.000728347,130.4323351
0.397,0.000767561,517.2227354
0.095,0.000769534,123.4513355
0.044,0.000715904,61.46075451
0.003,0.000745058,4.026532163
0.003,0.000741963,4.043328306
0.026,0.000714871,36.37019826
0.007,0.000734609,9.528878628
0.022,0.000748464,29.39353129
0.015,0.000733066,20.46200479
0.007,0.000716615,9.768146076
0.026,0.000725662,35.82935306
1.092,0.000777409,1404.666012
0.005,0.000708871,7.053469531
0.009,0.000686268,13.11441011
0.011,0.000762481,14.42658899
0.272,0.000760297,357.75493
0.047,0.000761409,61.72766542
0.016,0.000796084,20.09838158
0.118,0.000738567,159.7688497
0.003,0.00070852,4.234178287
0.012,0.000729819,16.44243299
0.09,0.000747112,120.4638662
0.003,0.000702879,4.268159954
0.033,0.000717026,46.02343569
0.261,0.000763563,341.8185533
0.011,0.000732013,15.02705553
0.015,0.000747482,20.06737286
1.739,0.000873479,1990.889306
1.93,0.000899718,2145.116581
0.036,0.000960963,37.46242051
0.195,0.000742383,262.6676527
0.071,0.000774694,91.64908983
0.004,0.000707498,5.65372623
0.079,0.000711365,111.0541002
0.055,0.000722386,76.13658072
1.648,0.000853973,1929.803401
0.242,0.000750118,322.6159084
0.011,0.000759635,14.48063873
0.023,0.00078813,29.1830028
0.011,0.000741902,14.82675609
0.038,0.000724459,52.45293384
0.004,0.000730381,5.476593723
0.978,0.000852249,1147.551948
0.007,0.000755187,9.269227357
0.098,0.000804811,121.7677194
0.046,0.000769925,59.74607916
0.004,0.000866917,4.614051864
0.04,0.000720802,55.49374169
3.166,0.001009244,3137.001558
0.01,0.000752191,13.29449568
0.153,0.000779674,196.2358627
0.235,0.000739368,317.8390193
0.015,0.00072458,20.70164785
0.058,0.00071425,81.2040602
0.008,0.000721805,11.08332583
0.291,0.000760708,382.5383721
0.031,0.000736212,42.10743644
0.009,0.000738115,12.19322192
0.605,0.000782519,773.1441665
0.697,0.000786396,886.321904
0.03,0.000762231,39.35814733
0.022,0.000731613,30.07054276
0.045,0.000734789,61.24207085
0.015,0.000728437,20.59203473
0.018,0.000729549,24.67277729
0.008,0.000729409,10.96778351
0.012,0.000723207,16.59275975
0.126,0.000749587,168.092563
0.021,0.000729269,28.79595869
0.015,0.000754596,19.87818647
0.016,0.000755267,21.18456122
0.007,0.000752953,9.296729012
0.01,0.000753404,13.2730912
0.046,0.00072496,63.45177665
0.02,0.000741081,26.98760324
0.019,0.000720262,26.37928976
0.016,0.00072496,22.07018318
0.019,0.000732294,25.94586327
0.339,0.000868389,390.3780449
0.005,0.000713409,7.008602359
0.084,0.000774604,108.4425074
0.014,0.00078311,17.8774374
0.005,0.000718088,6.962934905
6.484,0.001163023,5575.126201
0.01,0.000737274,13.56347844
0.161,0.000729058,220.8329104
0.006,0.000713539,8.40879055
4.22,0.001093062,3860.714214
0.16,0.000727024,220.0752657
0.104,0.000723357,143.7740977
0.004,0.000716254,5.584611046
0.018,0.000723127,24.89189313
0.503,0.000792768,634.4857512
0.215,0.000759756,282.9855901
0.005,0.000696708,7.176607704
0.016,0.00075108,21.30265751
0.118,0.000733266,160.9238666
0.038,0.000675869,56.22391321
0.008,0.000728006,10.98892042
0.007,0.000725481,9.648770953
0.325,0.000740219,439.0592514
0.049,0.000696597,70.34196243
0.008,0.000734769,10.88777561
0.644,0.000745168,864.2346424
0.006,0.00070339,8.530118426
0.004,0.000720763,5.549674442
0.148,0.00072992,202.7619465
0.011,0.000718198,15.3161106
0.171,0.000726323,235.4324453
0.006,0.0007248,8.278145695
0.051,0.000721003,70.73479583
0.005,0.000699172,7.151316128
0.03,0.000759386,39.50560058
0.091,0.000699823,130.0328797
0.004,0.000716114,5.585702835
0.007,0.000722937,9.682724774
0.013,0.000835368,15.56200381
0.109,0.000704873,154.6377858
0.004,0.000757041,5.283729679
0.011,0.000769344,14.29789535
0.004,0.000745288,5.367052737
0.008,0.000753244,10.62072848
0.073,0.000708931,102.9719394
0.007,0.000746351,9.378965125
2.586,0.000942198,2744.64603
0.366,0.000864432,423.3994114
0.007,0.000730662,9.580353159
0.078,0.000719691,108.3798464
0.116,0.000712818,162.7343866
0.023,0.00074057,31.05715868
0.011,0.000719901,15.27987876
0.004,0.000755478,5.294661128
0.016,0.000759496,21.06660206
0.068,0.000674666,100.7906134
0.622,0.000821442,757.2050126
0.003,0.000748415,4.008471236
0.82,0.000821181,998.5618274
0.111,0.000716274,154.9686293
0.019,0.000742103,25.60291496
0.38,0.000717427,529.6706146
0.018,0.000709772,25.36025653
0.042,0.000756329,55.53138912
0.013,0.000722706,17.98795084
0.053,0.000782629,67.72046525
0.004,0.000726814,5.503471315
0.003,0.000754456,3.97637503
0.004,0.000729088,5.48630618
0.098,0.00071931,136.2416761
0.022,0.000719059,30.59554223
0.006,0.000711155,8.43697928
0.048,0.000799069,60.06990635
0.348,0.00075655,459.9828167
0.04,0.000736041,54.34479873
1.987,0.000873339,2275.176077
0.013,0.000716304,18.14871898
0.037,0.000749948,49.33675401
0.044,0.00073015,60.26159008
0.028,0.000754025,37.13404728
0.004,0.000778511,5.138013464
0.021,0.000721935,29.08849135
0.018,0.000747883,24.06793576
0.232,0.000696017,333.3251918
1.066,0.000818266,1302.75485
0.041,0.000763754,53.68220657
0.009,0.00074095,12.14656859
0.231,0.000741862,311.3786661
0.036,0.000727916,49.45625594
0.007,0.000785224,8.914653653
0.006,0.000731964,8.197124449
0.063,0.000724079,87.00708072
0.008,0.000729168,10.97140851
0.007,0.000711946,9.832206375
0.009,0.000709582,12.68352354
0.007,0.000726643,9.633341269
0.006,0.00069302,8.657758795
0.009,0.000742924,12.11429433
0.24,0.000833124,288.0723638
0.025,0.000769514,32.4880379
0.005,0.000766258,6.525217355
0.016,0.000758123,21.10475477
0.02,0.000729499,27.41607596
0.038,0.000761649,49.89174804
0.449,0.000787207,570.3709444
0.114,0.000768202,148.3984681
0.014,0.000699633,20.01049121
0.004,0.000732835,5.458254587
0.015,0.000750068,19.99818683
0.458,0.000757341,604.7473991
0.039,0.000632036,61.7053459
0.025,0.000729068,34.29035426
0.007,0.000726774,9.631604873
0.028,0.000736773,38.00356419
0.009,0.000712868,12.62505822
0.004,0.000742664,5.386015749
0.011,0.000744097,14.78301888
0.009,0.00073005,12.32792275
2.931,0.001021036,2870.613769
0.032,0.000742333,43.10733862
0.038,0.000742513,51.17755514
0.358,0.000983646,363.9520722
0.089,0.000731573,121.6556653
0.005,0.000760397,6.575512528
0.008,0.000738817,10.82812117
0.028,0.000720522,38.86071487
0.008,0.000748004,10.69512997
0.02,0.000738086,27.09711334
0.013,0.000720733,18.03719269
0.008,0.000749427,10.67482223
0.075,0.000753183,99.57739354
0.047,0.000730862,64.30762579
0.086,0.000712177,120.7564973
2.129,0.000893918,2381.650218
0.03,0.000773392,38.79016075
0.023,0.000789502,29.13228846
0.016,0.000770617,20.76258375
0.003,0.000783661,3.828185912
1.685,0.000883739,1906.67154
0.031,0.000756119,40.99883748
0.022,0.000707688,31.08714575
0.005,0.000703581,7.106502307
0.049,0.000722086,67.85895309
0.019,0.00076188,24.9383105
2.783,0.000899829,3092.809856
0.006,0.000721635,8.314452597
0.132,0.000748825,176.276166
0.045,0.00071908,62.57996329
2.018,0.000881675,2288.825247
0.146,0.000757682,192.6929767
0.003,0.000746632,4.018043695
0.068,0.000861647,78.91862909
0.045,0.000790884,56.89835678
0.004,0.000752562,5.31517669
0.01,0.00075636,13.22121741
0.028,0.000721404,38.81320314
0.033,0.000730531,45.17262101
0.009,0.000716244,12.56555029
0.005,0.000729289,6.855992617
0.013,0.000748114,17.37703077
0.011,0.000713239,15.42260028
0.026,0.000735781,35.33660152
0.03,0.000745199,40.25770298
0.018,0.000721324,24.95411216
0.004,0.000725812,5.511068982
0.006,0.000774844,7.743494174
0.095,0.000731252,129.9141746
2.637,0.000910629,2895.800595
0.026,0.000742243,35.02895952
0.017,0.00074554,22.80226413
0.008,0.000717667,11.14723124
0.081,0.000725161,111.699333
0.006,0.000766628,7.826481683
0.037,0.000711936,51.97096368
1.703,0.000898717,1894.923541
0.106,0.00072476,146.2553121
1.215,0.000818406,1484.593221
0.005,0.000744808,6.713139494
0.06,0.000781627,76.76295727
0.003,0.000745258,4.025451589
0.007,0.000791004,8.849512771
0.075,0.000748124,100.2507606
0.005,0.000765807,6.529060194
0.025,0.000746842,33.47428238
0.014,0.000741361,18.88418733
0.008,0.000711946,11.23680729
0.012,0.000689433,17.40560722
0.004,0.000752543,5.315310886
0.01,0.000595678,16.7875933
0.009,0.000728898,12.34740663
0.044,0.00071938,61.16377992
0.005,0.000723889,6.907136315
0.039,0.000717456,54.35873419
0.303,0.000731734,414.0848997
0.034,0.00072439,46.93604274
0.015,0.000703801,21.31284269
0.089,0.000749416,118.7591405
0.018,0.000749617,24.01226226
0.449,0.001317833,340.7108488
0.005,0.000875654,5.710017884
0.051,0.001319185,38.6602334
0.006,0.001243845,4.823752156
0.01,0.000806183,12.40413157
0.01,0.00088976,11.23898579
0.009,0.000708549,12.70201496
0.028,0.000814839,34.36261642
0.012,0.0012044,9.963467287
0.02,0.000894408,22.36115956
0.006,0.000947659,6.331391355
0.02,0.000872528,22.9219005
0.008,0.00092695,8.630454717
0.019,0.000966875,19.6509373
0.131,0.001073545,122.0256254
0.006,0.001074597,5.583488508
2.224,0.001125422,1976.147614
2.089,0.001004175,2080.314686
0.016,0.000916601,17.45579592
7.738,0.001800239,4298.318168
0.003,0.000971954,3.086565825
0.005,0.000886604,5.639496325
0.042,0.001036105,40.53643212
0.004,0.000788359,5.073830577
0.007,0.001147884,6.098177168
0.008,0.001194933,6.694936034
0.04,0.001118399,35.76541109
0.129,0.00112419,114.7492862
0.026,0.00123651,21.02692255
0.105,0.000894619,117.3683993
0.024,0.001112748,21.56822569
0.009,0.000778892,11.55487539
0.01,0.000913204,10.95045576
0.02,0.000818236,24.44282579
0.008,0.000886955,9.019623318
0.004,0.000846599,4.72478706
0.019,0.001016809,18.68590856
0.006,0.00092193,6.508086297
0.021,0.001066592,19.68887822
0.024,0.001058356,22.67667968
0.156,0.001122476,138.9784726
1.914,0.001064568,1797.912393
0.023,0.000811402,28.34599865
0.004,0.000874972,4.571574862
0.242,0.001185085,204.2047617
0.057,0.001047416,54.41963842
0.013,0.001008222,12.89398565
0.021,0.000912503,23.01362297
0.002,0.000922662,2.167641021
2.418,0.001088232,2221.952672
0.006,0.000884851,6.780802644
2.191,0.000993124,2206.169622
1.103,0.000885892,1245.072763
0.038,0.000806133,47.13862353
0.004,0.000877887,4.556395071
0.018,0.000879351,20.46964182
0.06,0.000886043,67.71680381
0.301,0.000941266,319.7820807
0.184,0.001078855,170.5511862
0.021,0.000960283,21.86855333
0.014,0.00082582,16.95284687
0.756,0.001116606,677.0517085
0.672,0.001365683,492.0614813
0.011,0.000932981,11.79016507
0.046,0.000745118,61.73518825
0.011,0.000746922,14.72710671
0.021,0.000882727,23.78991466
0.022,0.000971914,22.63574761
0.457,0.000882116,518.0724531
0.004,0.000836059,4.784351344
0.077,0.000790093,97.45688166
0.007,0.000791024,8.849289023
1.621,0.001302424,1244.602372
0.007,0.001004516,6.968530118
0.202,0.000873439,231.2697281
0.008,0.001214869,6.585072135
0.055,0.001163995,47.25106208
0.003,0.001032889,2.904474731
0.008,0.001211834,6.601564241
4.211,0.001260676,3340.27141
0.017,0.000901813,18.85091477
0.14,0.000802756,174.3991948
0.005,0.000780585,6.405452321
0.014,0.000837231,16.72178885
0.007,0.000807295,8.670931939
0.028,0.000763293,36.68316099
0.201,0.000801885,250.6593838
2.361,0.000995768,2371.034217
0.028,0.000854073,32.78408286
0.467,0.000819468,569.8819234
0.016,0.00080995,19.75430582
0.004,0.000880593,4.542393592
0.162,0.000840147,192.8233988
0.008,0.000756299,10.57782702
0.018,0.000781968,23.01884476
0.604,0.000859082,703.0760742
0.003,0.000713029,4.207402504
0.011,0.000737124,14.92286237
0.068,0.001123219,60.54028644
0.011,0.000869141,12.65617431
2.413,0.001000127,2412.693588
0.001,0.00096957,1.031385047
0.01,0.000840307,11.90041259
0.158,0.001337289,118.14948
0.037,0.001134429,32.61552728
0.015,0.001031716,14.53888473
0.015,0.000986912,15.19892351
0.014,0.000800092,17.49798773
0.038,0.000811813,46.80880942
0.001,0.000859904,1.162920512
0.084,0.001193179,70.40016628
0.544,0.001230339,442.1545607
0.036,0.00095402,37.73505797
0.009,0.001132536,7.946767255
0.115,0.000988635,116.3219995
0.013,0.000865735,15.01614235
1.018,0.000959039,1061.479252
0.006,0.001109242,5.409099187
0.102,0.00107638,94.76207287
0.024,0.001068736,22.45643452
0.015,0.000796185,18.8398425
0.01,0.000811262,12.32647406
0.005,0.000949542,5.265696515
0.004,0.001208748,3.309209198
0.013,0.00098564,13.18939978
0.039,0.001139067,34.23854786
2.179,0.001039471,2096.258578
0.072,0.000918724,78.36956474
0.022,0.000951045,23.13244904
0.055,0.001043288,52.71794557
0.172,0.001030284,166.94426
0.033,0.0011723,28.14979101
2.72,0.000988695,2751.101199
0.002,0.000812925,2.460251561
0.897,0.000846148,1060.098233
0.015,0.000813026,18.44959448
0.016,0.001027479,15.57209442
0.017,0.001074567,15.82032577
0.007,0.001125613,6.218833649
2.87,0.00127881,2244.273973
4.604,0.001086038,4239.262346
0.007,0.000944062,7.41476725
2.189,0.000936888,2336.458573
0.01,0.001313886,7.611010392
0.427,0.00107143,398.532802
1.656,0.000992092,1669.200034
0.036,0.001000337,35.98787209
0.013,0.000815511,15.94092538
0.002,0.000842171,2.374814616
0.035,0.001149537,30.44704085
0.01,0.001254916,7.968660851
0.004,0.000808648,4.946528032
0.008,0.000725091,11.03309791
0.004,0.000765367,5.226250936
0.063,0.000727245,86.6283027
0.1,0.000779724,128.2505092
0.023,0.000734548,31.31177268
0.716,0.000822313,870.7146792
0.007,0.00072471,9.659036028
0.005,0.000736793,6.786166535
0.017,0.000674045,25.22086804
0.038,0.000729189,52.11268958
0.265,0.000738826,358.6771446
0.832,0.000843152,986.7734406
1.629,0.000873159,1865.639591
0.204,0.000757342,269.3631147
0.223,0.000765917,291.1542635
0.024,0.000770927,31.13135226
0.004,0.000733055,5.456616489
0.025,0.000887756,28.16089106
0.039,0.000796746,48.94910047
0.146,0.000807326,180.8439218
0.558,0.000787799,708.3024985
0.009,0.000747713,12.03670392
0.005,0.000751621,6.652288853
0.004,0.000753264,5.310223242
0.04,0.000744637,53.7174489
0.106,0.000712117,148.8519443
0.235,0.000772349,304.2665945
0.02,0.000897995,22.27183893
0.01,0.000757752,13.19692987
1.024,0.000786306,1302.291983
0.104,0.000766308,135.7156652
0.004,0.000615866,6.494919349
0.004,0.000736392,5.431889537
0.191,0.000881685,216.6306561
0.04,0.000702528,56.9372324
0.005,0.000721073,6.934110693
0.057,0.000729159,78.1722505
0.014,0.000925306,15.13012992
0.002,0.000738416,2.708500358
0.054,0.000728798,74.09460509
0.006,0.000738617,8.123289878
0.023,0.000725111,31.7192816
0.004,0.000771588,5.184113802
0.028,0.000718408,38.97506709
0.002,0.000792026,2.525169628
0.026,0.0007518,34.58366587
0.053,0.000742764,71.35510068
0.003,0.000748214,4.00954807
0.82,0.000808598,1014.10095
0.007,0.000733526,9.542947353
0.011,0.000723588,15.20202104
0.499,0.000769093,648.816203
0.004,0.000731603,5.467446142
0.004,0.000708901,5.642536828
0.01,0.0007458,13.40842049
0.037,0.000774203,47.79108322
0.037,0.000723077,51.17020732
0.017,0.000751761,22.61357
0.006,0.00070341,8.52987589
0.009,0.000704512,12.77480015
2.282,0.000903966,2524.431229
0.01,0.000631776,15.82839487
0.137,0.000840337,163.0298321
1.292,0.000795393,1624.35425
0.007,0.000744698,9.399783536
1.061,0.000767109,1383.115046
0.006,0.00077789,7.713172814
0.011,0.00076215,14.43285442
0.033,0.000728236,45.31498031
0.04,0.000661611,60.45848694
0.004,0.000734949,5.442554517
0.024,0.000763232,31.44522242
0.015,0.000787578,19.04573261
0.002,0.000776657,2.575139347
0.076,0.000766569,99.14306475
0.01,0.000766459,13.0470123
0.113,0.000723628,156.1575837
0.05,0.000749637,66.69894896
0.027,0.000746851,36.15178931
0.017,0.000748565,22.71011869
0.536,0.000809098,662.4661042
0.542,0.000758483,714.5842425
1.114,0.000819158,1359.933004
0.048,0.000728187,65.91713392
0.306,0.000775846,394.4081686
0.061,0.000730901,83.4586353
0.032,0.000774163,41.33496434
0.118,0.000740961,159.2526462
0.005,0.000815761,6.129246189
0.137,0.000710063,192.9406264
0.036,0.000710825,50.64537685
0.042,0.000734148,57.20917308
0.019,0.000766228,24.79679678
0.007,0.000696066,10.05651763
0.149,0.000725071,205.4971168
0.005,0.000730381,6.845742154
4.21,0.001075909,3912.970335
0.83,0.00081012,1024.539574
0.055,0.000732645,75.07046387
0.087,0.000736573,118.1145657
0.909,0.000799641,1136.760121
0.026,0.000741332,35.07200553
0.016,0.000734869,21.77258804
0.004,0.000738195,5.418622451
0.334,0.000773011,432.0766457
0.013,0.000729248,17.826583
0.031,0.00070318,44.08544043
0.023,0.000708029,32.48454512
0.004,0.000690065,5.796555397
0.787,0.000753083,1045.037532
0.09,0.000704592,127.7334968
0.034,0.000711135,47.81089385
0.007,0.000713248,9.814258154
0.021,0.000734188,28.60302811
0.018,0.000737084,24.42055451
1.415,0.000827303,1710.376972
0.606,0.000774123,782.8213346
0.009,0.000730551,12.31946846
0.076,0.000728457,104.3301115
0.013,0.000701997,18.51859766
0.045,0.000730451,61.60577506
0.842,0.000815921,1031.962653
0.278,0.000738957,376.2059227
0.172,0.000707769,243.0171426
0.013,0.000768222,16.92219176
0.004,0.000750389,5.330568545
0.013,0.000774193,16.79167856
0.014,0.000742564,18.85359376
1.354,0.000785604,1723.514646
0.008,0.000707608,11.30569468
0.449,0.000768662,584.1319071
0.01,0.000737424,13.56071948
0.126,0.000752072,167.5371507
0.071,0.000777049,91.37132922
0.207,0.00074065,279.4842368
0.023,0.00072471,31.73683266
0.013,0.000709482,18.32322737
0.003,0.000717396,4.18179081
0.002,0.000745679,2.68211925
0.042,0.000766618,54.78608642
0.007,0.000784392,8.924109374
0.096,0.000725151,132.3862202
0.005,0.000726083,6.886265069
0.905,0.000765426,1182.34813
0.028,0.000734168,38.13840974
0.205,0.000826301,248.0936124
0.01,0.000714191,14.00185665
0.009,0.000736342,12.22258135
0.005,0.000737303,6.781472475
0.008,0.000719711,11.11557278
0.009,0.000733126,12.27619809
0.006,0.000740951,8.097701467
0.481,0.000676179,711.3501011
0.028,0.00074574,37.54659801
0.089,0.000759295,117.2139946
0.002,0.000767991,2.604197185
0.014,0.000738116,18.96720841
0.083,0.000700355,118.5113264
0.031,0.000792247,39.12921097
0.289,0.000789622,365.9979079
0.027,0.000806824,33.46454741
0.017,0.00075675,22.46448629
0.022,0.000636545,34.56157852
1.257,0.000860405,1460.939906
0.008,0.000753043,10.62356333
1.217,0.000908345,1339.799305
0.489,0.001108751,441.0368063
0.018,0.000707418,25.44464517
0.21,0.000734338,285.9718549
0.067,0.00071371,93.87566379
0.008,0.000701947,11.39687184
0.038,0.000718919,52.8571369
1.459,0.000841118,1734.596097
0.012,0.000734158,16.34525538
0.009,0.000741221,12.14212765
0.014,0.000730812,19.15677356
0.01,0.000743716,13.44599283
0.023,0.000770887,29.83576062
1.022,0.000810952,1260.247216
1.123,0.000819108,1371.00358
0.077,0.000726684,105.9607752
4.904,0.001164476,4211.336258
0.003,0.000722345,4.15314012
0.041,0.000746061,54.95529186
0.067,0.000716625,93.49380778
0.293,0.000728888,401.9821975
0.029,0.000725161,39.99111921
0.005,0.000720442,6.940183943
0.003,0.000713489,4.204689911
0.016,0.000731492,21.87310319
0.039,0.000718138,54.30711089
0.032,0.000720042,44.441852
0.095,0.000743004,127.8593386
0.187,0.00082632,226.3045793
0.032,0.000698401,45.81894929
0.004,0.000885853,4.515421859
0.016,0.000732445,21.84464363
1.261,0.000819448,1538.840781
0.026,0.000722306,35.99582448
0.008,0.000707918,11.30074387
0.039,0.000736852,52.92786068
0.296,0.000835217,354.3989167
0.077,0.000717507,107.3160262
0.285,0.000863099,330.2054573
0.041,0.000759184,54.00535312
0.017,0.000714692,23.78647026
0.379,0.000748224,506.532803
0.006,0.000935245,6.415431251
0.026,0.000729359,35.64774
0.247,0.000835428,295.656837
0.036,0.000712086,50.55569131
0.023,0.000737825,31.17270355
0.012,0.000748345,16.03538475
0.013,0.000752412,17.27776803
0.024,0.000744457,32.23826225
3.256,0.00095397,3413.105234
0.014,0.000760918,18.39882878
0.192,0.000769755,249.4300134
0.005,0.000722386,6.921507338
0.345,0.000750128,459.9215067
0.03,0.000723128,41.48643117
0.262,0.000722706,362.5263939
0.104,0.00068736,151.3035382
1.683,0.000812555,2071.244408
0.101,0.000788801,128.042434
0.02,0.00081501,24.5395762
0.014,0.000604004,23.17865445
0.084,0.000760868,110.4002271
0.109,0.000999867,109.0144989
0.338,0.00071437,473.144169
0.462,0.000741611,622.9681059
3.34,0.001035494,3225.51362
0.01,0.000747242,13.38254541
0.001,0.000712097,1.404303065
0.026,0.000826481,31.45867842
1.466,0.000905188,1619.553065
0.005,0.000719851,6.945881856
0.037,0.000695366,53.20938901
0.368,0.000764385,481.4327858
0.052,0.00077829,66.81314163
0.045,0.000748485,60.12144532
0.324,0.000766038,422.9555192
0.003,0.000725662,4.134156122
1.035,0.000968718,1068.422389
0.021,0.000738686,28.42885881
0.013,0.000710724,18.29120728
0.035,0.000725591,48.23654097
1.667,0.000856167,1947.05005
0.016,0.000776687,20.60031905
0.044,0.000716755,61.38778244
0.069,0.000738456,93.43820079
0.007,0.00074632,9.3793547
0.013,0.000728277,17.8503509
1.84,0.000880643,2089.382417
0.004,0.001062404,3.765046065
0.089,0.000727997,122.253251
0.568,0.000774063,733.7904021
0.433,0.000759536,570.0848939
0.019,0.000732114,25.95224241
0.034,0.000714101,47.61231254
0.579,0.000765607,756.2626778
0.007,0.000718759,9.739008485
0.007,0.000695194,10.06913178
3.105,0.000893728,3474.211393
0.072,0.000741451,97.10688906
0.103,0.000757452,135.9822141
0.005,0.000718819,6.955853977
0.015,0.000710855,21.10134978
0.005,0.000717967,6.964108378
0.015,0.000694394,21.60156914
0.143,0.000746691,191.5116159
0.014,0.000701837,19.94765166
1.265,0.000815731,1550.756316
0.073,0.000738126,98.89910395
0.011,0.000699954,15.71531844
0.056,0.000734088,76.28513203
0.011,0.000728256,15.10457861
0.013,0.000746812,17.40732607
0.131,0.000748355,175.050611
0.375,0.000751431,499.0478168
0.065,0.000819518,79.31491438
0.021,0.000718388,29.23211412
0.112,0.00073037,153.3469337
0.005,0.000803387,6.223650619
0.017,0.0007195,23.62751911
0.022,0.000729389,30.16223168
0.012,0.000726994,16.50632605
0.138,0.000724259,190.5395722
0.716,0.000792607,903.3480653
0.162,0.00078335,206.8041106
0.015,0.000748064,20.05176028
0.029,0.000761799,38.06778428
0.436,0.000722777,603.2289351
0.137,0.000720783,190.0710755
0.007,0.00072451,9.661702392
0.053,0.000740219,71.60043176
1.423,0.000837622,1698.857002
0.039,0.000749777,52.01546593
0.003,0.000725562,4.134725909
0.401,0.00073554,545.1776926
0.753,0.000759525,991.4091044
0.004,0.00075131,5.324034021
0.018,0.000710023,25.35129144
0.034,0.000710424,47.85874351
0.014,0.000800012,17.4997375
0.013,0.000694513,18.71815214
0.221,0.000774143,285.4769726
0.585,0.00069224,845.0826303
0.437,0.000754106,579.4941295
0.353,0.000765897,460.8974836
0.006,0.00077831,7.709010548
0.216,0.000838063,257.7371868
0.055,0.00071932,76.46110215
0.009,0.000699663,12.86333563
0.03,0.000746862,40.16806318
0.099,0.000752412,131.5768489
0.03,0.000796385,37.67022232
0.007,0.000727545,9.621397989
0.024,0.0007405,32.41053342
1.204,0.00079898,1506.921325
0.021,0.000808518,25.97344772
0.44,0.000762,577.4278215
0.071,0.000731522,97.05791487
0.013,0.000733918,17.71315052
0.023,0.000725993,31.68074623
0.019,0.000731733,25.96575527
0.006,0.000718187,8.354370101
0.004,0.00072446,5.521353836
0.005,0.000731392,6.836279314
0.351,0.000763744,459.5780785
0.015,0.000742243,20.20901511
0.147,0.000738746,198.985849
0.043,0.000739478,58.14912682
0.005,0.000751821,6.650519206
0.276,0.000726483,379.9125375
0.017,0.000748014,22.72684736
0.016,0.000735951,21.74057784
0.016,0.000981813,16.2963823
0.024,0.000742193,32.33660247
0.005,0.000744938,6.711967976
0.071,0.000731563,97.05247532
0.007,0.00074579,9.386020193
0.009,0.000718939,12.51844732
0.673,0.000778952,863.9813493
0.006,0.000726824,8.255093393
0.006,0.000721214,8.319306059
4.738,0.001052596,4501.252142
0.005,0.000709332,7.04888543
0.004,0.000719952,5.555925951
0.05,0.000687099,72.76971732
0.035,0.000728668,48.03284898
0.007,0.000744567,9.401437345
0.01,0.000736723,13.57362265
0.012,0.00073524,16.32120124
0.012,0.000711235,16.87206057
0.003,0.000720382,4.164457191
0.389,0.000739488,526.0396382
0.031,0.000730101,42.45987884
0.004,0.000703731,5.683990047
0.078,0.000744277,104.7996915
1.901,0.000885632,2146.489738
0.816,0.000780826,1045.047168
0.004,0.000709471,5.638003527
0.497,0.000759185,654.6493938
1.954,0.000853502,2289.391238
0.024,0.00071967,33.34861812
0.021,0.000716826,29.29581237
0.023,0.000728337,31.57878839
0.007,0.00079412,8.814788697
0.013,0.000737014,17.63874228
0.026,0.000728798,35.67518023
0.013,0.000709953,18.3110713
0.114,0.000737123,154.6553289
0.005,0.000721835,6.926790749
0.012,0.000748966,16.02208912
0.014,0.000730301,19.17017778
0.003,0.000732926,4.093182668
0.075,0.000729078,102.8696518
0.085,0.000723097,117.5499276
0.206,0.000704733,292.3092859
0.021,0.000709061,29.61663383
0.009,0.000729449,12.33807984
0.004,0.000717857,5.572140412
0.005,0.000736832,6.785807348
1.08,0.000818657,1319.233818
0.04,0.000769454,51.98491398
0.013,0.000725832,17.91048066
0.007,0.000732204,9.560177218
0.021,0.000784873,26.75592102
0.011,0.000716295,15.35680132
0.958,0.000815641,1174.536346
0.073,0.000782609,93.2777415
0.007,0.000728557,9.608033414
0.002,0.000744918,2.684859273
0.009,0.000770837,11.67562014
0.006,0.000755448,7.942307081
0.004,0.000790504,5.060062947
0.902,0.00086323,1044.912712
0.437,0.000639561,683.2811882
0.004,0.000733898,5.450348686
0.017,0.000752201,22.6003422
0.006,0.000765266,7.840411047
1.633,0.000865955,1885.779284
0.941,0.000772851,1217.569751
0.025,0.000774974,32.25914676
0.116,0.000773843,149.9012074
1.235,0.000859453,1436.960485
0.009,0.00074604,12.06369632
0.033,0.000742934,44.41848132
0.267,0.000744388,358.6839122
0.007,0.000807335,8.670502332
0.02,0.000744287,26.87135473
0.655,0.00082559,793.3720127
0.01,0.00072483,13.79633845
0.221,0.00076194,290.0490852
0.01,0.000861727,11.60460331
0.084,0.000778261,107.9329428
0.019,0.000759045,25.031454
0.005,0.000753304,6.63742659
0.034,0.00077268,44.00269193
0.017,0.000752292,22.59760838
0.005,0.000727936,6.868735713
1.365,0.001031496,1323.320692
0.204,0.000728587,279.9940158
0.181,0.000783691,230.9583752
0.055,0.000723598,76.00905475
4.37,0.001047657,4171.212525
2.858,0.000990048,2886.728724
0.924,0.000791836,1166.908299
0.004,0.000693962,5.764004369
0.257,0.000696958,368.7453189
0.014,0.000735771,19.02765942
0.053,0.00075655,70.05485427
0.012,0.000763433,15.71847169
0.348,0.000762882,456.1649115
0.015,0.000739428,20.28595076
0.008,0.000749728,10.67053651
0.008,0.000762721,10.48876326
0.017,0.000761168,22.33409707
0.005,0.000758273,6.593931209
0.007,0.000717165,9.7606548
0.022,0.000702128,31.33331814
0.005,0.000711255,7.029827558
0.023,0.00070322,32.70669207
0.004,0.000745389,5.366325503
0.013,0.000691417,18.80196755
0.006,0.000696156,8.618757865
0.175,0.000734789,238.1636089
0.085,0.000730481,116.361685
0.104,0.000728708,142.7183453
0.004,0.000724931,5.517766518
0.102,0.000740219,137.7970574
1.783,0.000895952,1990.061968
0.005,0.000740269,6.754301477
0.204,0.000744627,273.9626686
0.005,0.000724259,6.903607687
0.038,0.000725181,52.40071099
0.043,0.00074053,58.06651992
1.714,0.000816472,2099.275909
0.005,0.000728297,6.865331039
0.009,0.000776227,11.59454644
0.007,0.000725802,9.644503597
0.004,0.000867498,4.610961639
0.385,0.000767381,501.7064535
0.774,0.000785965,984.7766758
0.004,0.000721844,5.541363508
0.012,0.000702688,17.07728039
1.132,0.000820149,1380.237006
0.009,0.000707919,12.7133189
0.068,0.000782859,86.86110781
0.101,0.000760698,132.7727955
0.007,0.000719661,9.726801925
1.219,0.000835017,1459.850518
0.014,0.000742463,18.85615849
0.014,0.000695986,20.11534715
0.018,0.000707839,25.42951151
0.004,0.000838695,4.769314232
0.092,0.000731703,125.7340752
0.006,0.00075117,7.987539438
0.025,0.000759025,32.93699154
0.013,0.000821643,15.82195674
0.072,0.000706186,101.9561419
0.127,0.000746491,170.1293117
1.318,0.000782519,1684.304151
0.041,0.000743916,55.1137494
2.642,0.000961915,2746.60443
0.043,0.000719741,59.74371336
0.012,0.000728106,16.48111676
0.127,0.000711024,178.6156304
0.18,0.000746732,241.0503367
0.014,0.000744868,18.79527648
0.075,0.000759305,98.77453724
0.012,0.000755338,15.88692744
0.006,0.000736392,8.147834306
0.028,0.00072441,38.6521445
0.043,0.000769013,55.91582977
1.262,0.001043488,1209.405379
0.007,0.000734308,9.532784608
4.388,0.001103942,3974.846505
0.081,0.000734539,110.2732462
0.237,0.000789772,300.0866073
0.02,0.000803417,24.8936729
0.005,0.000732555,6.825426077
0.012,0.001029873,11.65192213
0.005,0.00076713,6.517800112
0.02,0.000709742,28.17925387
0.004,0.000729779,5.481111405
0.003,0.000709261,4.229754632
0.075,0.000721965,103.8831522
0.228,0.000746841,305.2858641
0.011,0.000709852,15.49618794
0.427,0.00073509,580.8812526
0.101,0.000712738,141.7070508
0.515,0.000760036,677.5994821
0.086,0.000766208,112.2410625
0.11,0.000783831,140.3363735
0.005,0.000694403,7.200429722
0.026,0.000736923,35.28184084
0.101,0.000759626,132.9601672
0.03,0.000742043,40.42892393
1.903,0.000917222,2074.743083
0.004,0.000734178,5.448270038
0.013,0.000747603,17.38890828
0.01,0.000766168,13.05196771
0.009,0.000733947,12.26246582
0.004,0.000708019,5.649565901
0.296,0.000784913,377.1118583
0.013,0.000695074,18.70304457
0.091,0.000699813,130.0347379
0.465,0.000779754,596.3419232
0.023,0.000814148,28.25039182
0.459,0.000805201,570.0440014
1.119,0.000813837,1374.968206
0.038,0.0007303,52.03341093
0.005,0.000721564,6.929392265
0.193,0.000741722,260.205306
1.216,0.000834967,1456.344981
2.574,0.000936407,2748.80474
0.013,0.000774403,16.78712505
0.112,0.000724108,154.6730598
0.006,0.000748966,8.01104456
0.131,0.000747443,175.2642007
0.11,0.000709431,155.0538389
0.02,0.00071902,27.81563795
0.161,0.00071911,223.8878614
0.127,0.000708961,179.1353826
0.052,0.000731372,71.09924908
0.099,0.000757682,130.661676
0.005,0.000758413,6.592713996
0.018,0.000771097,23.34336666
0.004,0.000797377,5.016447678
0.035,0.000728337,48.05467799
0.008,0.000863771,9.261714042
0.473,0.0008043,588.0890215
0.521,0.00078319,665.2281056
0.015,0.000692349,21.66537397
0.031,0.000716274,43.27952711
0.021,0.000680838,30.84434183
0.009,0.000808548,11.13106458
0.027,0.000865544,31.19425471
0.005,0.000733717,6.814616535
0.011,0.000711155,15.46779535
0.025,0.000722075,34.62244227
0.05,0.000721664,69.28432068
0.01,0.000697208,14.34292205
0.005,0.000727716,6.87081224
0.012,0.000831982,14.42338897
0.728,0.000904047,805.2678677
0.062,0.00074603,83.10657748
0.006,0.000751531,7.983702602
0.063,0.000760677,82.8209608
0.032,0.00072992,43.84042087
0.866,0.000791746,1093.785128
0.008,0.000752162,10.6360066
0.008,0.000759416,10.53441065
0.035,0.000757863,46.18248945
0.006,0.000752402,7.974460461
0.177,0.000732475,241.6464726
0.01,0.000731934,13.66243404
0.012,0.000712558,16.84073437
0.956,0.000771268,1239.517262
0.027,0.000728938,37.04018723
0.11,0.000810581,135.70513
0.51,0.000792257,643.7305066
0.034,0.000733166,46.37421812
0.007,0.000775946,9.021246324
0.004,0.000702118,5.697048075
0.079,0.000764705,103.3078115
0.005,0.000742113,6.73751841
0.005,0.00071912,6.952942485
0.009,0.00076221,11.80776951
0.003,0.001039081,2.887166641
0.047,0.000748424,62.79862752
0.454,0.000732294,619.9695751
0.024,0.000689454,34.81015412
0.903,0.000892195,1012.110581
0.008,0.000750658,10.65731665
0.003,0.000742384,4.041035367
0.172,0.000749256,229.5610579
0.017,0.00074608,22.78576024
0.029,0.000721314,40.20440474
0.01,0.000778842,12.83957465
0.012,0.000754627,15.9018959
0.037,0.000716404,51.64683614
0.006,0.000730091,8.218153627
0.376,0.000745539,504.3331067
0.073,0.000754225,96.78809374
0.025,0.000730121,34.2408998
1.139,0.000835027,1364.02775
0.497,0.000765316,649.4049517
0.014,0.000715834,19.55760693
0.097,0.000713449,135.9592627
0.332,0.000747082,444.3956621
0.02,0.000754426,26.51022102
0.006,0.000733827,8.176314036
0.034,0.000718178,47.34202384
0.006,0.000748986,8.010830643
0.004,0.000741381,5.395336541
0.009,0.000731102,12.3101838
0.004,0.000748414,5.344635456
0.015,0.000742414,20.20436037
0.005,0.00077258,6.471821688
0.433,0.000754817,573.6489772
3.034,0.000961855,3154.321597
0.007,0.000727054,9.62789559
0.008,0.000649349,12.32003129
1.116,0.000854564,1305.929105
2.063,0.00086888,2374.320965
0.016,0.000769394,20.79558718
0.066,0.000769284,85.79406305
0.019,0.000755789,25.13929152
0.031,0.000750699,41.29484654
0.009,0.000778651,11.55845173
0.526,0.00080456,653.7734911
0.318,0.000765176,415.5906615
0.079,0.00076691,103.0107835
0.638,0.000757411,842.3431928
0.926,0.000827874,1118.527699
0.232,0.000773572,299.9074424
0.052,0.00075135,69.20875757
0.149,0.000729389,204.2805691
0.006,0.000707237,8.483719036
0.019,0.00079385,23.93399257
0.014,0.000722225,19.38454083
0.012,0.000726633,16.51452659
0.005,0.000656121,7.620545601
1.211,0.000838244,1444.68675
0.055,0.000737885,74.53736016
0.016,0.000827623,19.33247384
0.008,0.000752923,10.6252565
13.006,0.001610152,8077.498273
0.094,0.000728387,129.0522758
0.107,0.000723107,147.9725684
0.006,0.000757703,7.91866998
0.094,0.00072456,129.7339075
0.009,0.00081546,11.03671547
0.024,0.000744457,32.23826225
0.003,0.000734899,4.082193608
0.099,0.000730611,135.5030242
0.017,0.000737865,23.03944488
0.022,0.00076708,28.68018981
0.302,0.000733357,411.8048918
0.148,0.000731062,202.4452098
1.884,0.000867257,2172.366438
0.007,0.00069805,10.02793496
0.004,0.000664758,6.017227322
0.017,0.000748034,22.72623972
0.008,0.000754676,10.60057561
0.012,0.000792217,15.14736493
0.09,0.00072467,124.1944609
0.01,0.00070897,14.10496918
0.007,0.000687871,10.17632667
0.007,0.000726233,9.638779841
2.115,0.000864632,2446.12737
0.007,0.000729058,9.601430888
0.409,0.000788079,518.9835029
0.007,0.000752162,9.306505779
0.025,0.000729549,34.26774624
0.004,0.001052094,3.801941652
0.654,0.000765226,854.6494761
0.287,0.000763934,375.6869049
0.016,0.000771558,20.73726149
0.001,0.000742754,1.34634078
0.015,0.000752693,19.9284436
0.005,0.00074071,6.750280137
1.49,0.000844155,1765.078688
0.131,0.000750127,174.6370948
0.118,0.00074061,159.3281214
0.006,0.000702949,8.535469856
0.034,0.000702628,48.38975959
0.006,0.000696557,8.613796143
0.016,0.000762201,20.99183811
0.028,0.000675678,41.43985745
0.005,0.000911821,5.483532404
0.005,0.000731803,6.832439878
0.014,0.000743355,18.83353176
0.003,0.000821792,3.650558779
1.294,0.000818506,1580.929156
0.017,0.000713629,23.82190186
0.054,0.000722726,74.71711271
0.013,0.000723638,17.9647835
0.798,0.000777328,1026.593664
0.056,0.000742754,75.3950837
0.053,0.000713439,74.28806107
0.004,0.000720211,5.553927946
0.027,0.000734659,36.75174469
0.004,0.000720873,5.548827602
0.006,0.000724439,8.282270833
0.2,0.000755428,264.7505785
0.009,0.000733347,12.27249856
0.95,0.000822303,1155.291906
0.008,0.000699402,11.43834304
0.028,0.00072985,38.36404741
0.102,0.000755948,134.9299158
0.004,0.000744638,5.371737677
0.614,0.000800172,767.335023
0.031,0.000748284,41.42812087
0.005,0.000727425,6.873560848
0.047,0.000735049,63.94131548
0.006,0.000750308,7.996716015
0.01,0.000833354,11.99970241
0.002,0.000702478,2.84706425
0.123,0.000707998,173.7293043
1.102,0.000825539,1334.885451
0.024,0.000729299,32.90831333
0.014,0.000789392,17.73516833
0.217,0.000777169,279.2185483
0.016,0.000730932,21.88986116
0.112,0.000770496,145.3609104
0.009,0.000738155,12.19256118
0.024,0.00073534,32.63796339
0.01,0.000740049,13.51261876
0.059,0.000785574,75.10431863
0.006,0.000733627,8.178543047
0.95,0.000818847,1160.167895
0.01,0.000786616,12.71268319
0.018,0.000782008,23.01766734
0.348,0.000740089,470.2137175
0.013,0.000916911,14.17803909
0.004,0.000726043,5.509315564
0.317,0.000734228,431.7459972
0.018,0.000716505,25.12194611
0.01,0.000741902,13.47886918
0.544,0.000771698,704.9389787
0.044,0.000726805,60.5389341
0.007,0.000736913,9.499086052
0.041,0.000759455,53.98608212
0.006,0.000876816,6.842940822
0.004,0.000714882,5.595329019
0.002,0.000700064,2.856881657
0.076,0.000727856,104.4162582
0.038,0.000750048,50.66342421
0.002,0.000761429,2.626640173
0.015,0.000746401,20.0964361
0.595,0.000751841,791.3907329
0.009,0.000742965,12.11362581
0.012,0.000738577,16.24745964
0.006,0.000729559,8.224146368
0.002,0.000717627,2.786963144
0.005,0.000700525,7.137504015
0.008,0.000722065,11.07933496
0.013,0.000853803,15.22599476
0.012,0.00072514,16.54852856
0.146,0.000736132,198.3339944
0.003,0.000762781,3.932976831
0.016,0.000704623,22.70717816
0.587,0.000768462,763.8634051
0.002,0.000725141,2.75808429
0.029,0.000716936,40.44991464
0.156,0.000751901,207.4741223
0.008,0.00073009,10.95755318
0.718,0.000801825,895.4572382
0.01,0.000782239,12.78381671
0.096,0.00076195,125.9925192
0.629,0.000774414,812.2270517
0.106,0.000707929,149.7325297
0.074,0.000751791,98.43161198
2.597,0.000814609,3188.032541
0.02,0.000757512,26.40222201
0.004,0.0007246,5.520287055
0.005,0.000749066,6.674979241
0.795,0.000808027,983.878014
0.078,0.000737334,105.7865228
0.055,0.000754777,72.86920508
0.009,0.000723497,12.43958164
0.058,0.000709792,81.71407962
0.096,0.000714331,134.3914796
0.009,0.000720602,12.48955734
0.01,0.000712868,14.02784246
0.042,0.0007355,57.10401088
0.048,0.00073041,65.71651538
0.011,0.00077282,14.23358609
0.006,0.000736382,8.147944952
0.253,0.000750628,337.0511092
0.154,0.000766839,200.8244234
0.522,0.00079901,653.3084692
0.009,0.000791916,11.36484173
0.008,0.000729919,10.96012023
0.006,0.000737745,8.132891446
0.038,0.000817314,46.49375882
0.674,0.000867658,776.8037637
0.03,0.000763503,39.29257645
0.003,0.000727576,4.123280592
0.185,0.000759706,243.5152546
8.264,0.00134301,6153.34212
0.051,0.000777008,65.63638984
0.185,0.000766659,241.3067609
0.006,0.000724299,8.283871716
1.811,0.000871024,2079.161998
0.042,0.000770516,54.50892649
0.033,0.000727074,45.38740211
0.344,0.00076217,451.3428763
0.693,0.000774404,894.8817413
0.014,0.000754366,18.55863069
0.004,0.000753244,5.310364238
0.006,0.000725642,8.268540134
0.352,0.000751751,468.2401487
0.01,0.000756811,13.2133386
0.013,0.000736292,17.65603864
0.009,0.000736182,12.22523778
0.136,0.000740149,183.7467861
0.056,0.000802696,69.76489231
0.092,0.000763543,120.4909219
0.018,0.000738045,24.38875678
1.602,0.000807996,1982.683083
0.051,0.000747062,68.26742626
0.005,0.000761399,6.566859163
0.069,0.000808057,85.3900158
0.867,0.000858381,1010.040996
0.073,0.000768953,94.93428077
0.01,0.000770526,12.9781474
0.433,0.000770847,561.7197706
0.016,0.00073024,21.91060473
0.005,0.000665609,7.511917657
0.011,0.000727876,15.11246421
0.007,0.000761229,9.195655972
0.562,0.000732916,766.8000153
0.008,0.000763262,10.48132882
0.005,0.000760247,6.576809905
0.002,0.000748274,2.672817711
0.014,0.000754626,18.55223647
0.012,0.00077269,15.53016087
0.004,0.000749456,5.337204586
1.853,0.000894118,2072.433392
0.027,0.000739919,36.49048071
0.017,0.000745269,22.81055565
0.011,0.000701216,15.68703509
0.69,0.00114574,602.2308726
0.017,0.000683844,24.85947087
0.033,0.000783661,42.11004503
0.018,0.000706065,25.49340358
1.803,0.000815361,2211.290459
0.766,0.000653336,1172.444194
0.015,0.000748234,20.04720448
0.002,0.000710854,2.813517262
0.246,0.000737133,333.7253928
0.027,0.000781717,34.53935376
0.004,0.000817514,4.892882568
0.591,0.000772109,765.4359682
0.021,0.000771638,27.2148339
0.092,0.000749386,122.7671721
0.005,0.000775606,6.4465721
0.209,0.000747363,279.6499158
0.009,0.000745128,12.07846169
0.051,0.000723077,70.53190739
0.012,0.000753955,15.91606926
1.027,0.000826031,1243.294743
0.037,0.00074598,49.59918496
0.009,0.000731693,12.30024067
0.019,0.000644319,29.48849871
0.002,0.000751901,2.659924644
0.023,0.000733777,31.34467284
0.08,0.000736572,108.6112423
0.629,0.000771949,814.8206682
0.028,0.000749687,37.34892028
0.03,0.00074081,40.4962136
0.157,0.000779383,201.4413966
0.071,0.000913655,77.70985766
0.006,0.000779593,7.696323594
0.017,0.000754657,22.52679032
0.024,0.000745278,32.2027485
0.085,0.000709091,119.8717795
1.221,0.000872257,1399.816797
0.161,0.000769354,209.2664755
0.005,0.00071419,7.000938126
0.008,0.000721334,11.09056276
0.178,0.000800422,222.3826931
0.565,0.00079957,706.6298135
0.019,0.00071944,26.40942956
0.011,0.000723127,15.21171247
0.054,0.000739177,73.05422111
0.02,0.000768202,26.03481897
0.243,0.000770536,315.3648889
0.021,0.000715032,29.36931494
0.013,0.000712237,18.25235139
0.009,0.000702148,12.81781049
1.001,0.000815371,1227.662009
0.531,0.000865774,613.3240314
0.009,0.000723418,12.44094009
0.014,0.000710072,19.71631046
0.44,0.000786195,559.6575913
0.012,0.000779313,15.39817763
0.192,0.000759445,252.8162013
0.042,0.000698722,60.10974322
0.019,0.000728166,26.09295133
0.005,0.000738977,6.766110447
0.013,0.000704672,18.44829935
0.023,0.000724289,31.75528001
0.01,0.000739298,13.52634526
0.004,0.00075632,5.28876666
3.02,0.000976433,3092.890142
0.054,0.000728036,74.17215632
0.006,0.000651602,9.208074868
0.009,0.000716014,12.56958663
0.011,0.000720702,15.26289645
0.02,0.000739167,27.05748498
0.003,0.000727485,4.123796367
0.379,0.000750338,505.105699
0.031,0.000738616,41.97038786
0.009,0.000754126,11.93434519
0.003,0.000732174,4.097386687
0.002,0.000742564,2.693370538
0.005,0.000739959,6.757131138
0.435,0.000784533,554.4699841
0.008,0.000745629,10.72919642
0.037,0.000722837,51.18719711
0.749,0.000780344,959.8330992
0.013,0.000761088,17.08081063
0.014,0.000751801,18.62194916
3.397,0.000958158,3545.344296
0.102,0.000854524,119.3646989
0.062,0.000707377,87.64774653
0.007,0.000730281,9.585351392
0.004,0.000773061,5.174235927
0.337,0.001087812,309.796178
0.005,0.000737334,6.781187359
0.011,0.000726283,15.14561128
0.003,0.000844886,3.550774897
0.055,0.000733918,74.94025218
0.185,0.000734108,252.0065168
0.014,0.000877788,15.94918135
0.01,0.000688622,14.52175504
0.182,0.000729199,249.5889325
0.057,0.000726634,78.44389335
0.006,0.000725943,8.265111724
0.02,0.000743135,26.91301042
0.004,0.000725321,5.514799654
0.003,0.000725662,4.134156122
0.075,0.000717627,104.5111179
0.02,0.000728888,27.43905785
0.016,0.00072493,22.07109652
0.004,0.000711806,5.619508686
0.058,0.000716685,80.9281623
0.006,0.000757131,7.924652405
0.021,0.000722135,29.0804351
0.252,0.000723237,348.4335011
0.015,0.000796545,18.8313278
0.048,0.000925797,51.84721921
0.004,0.000793259,5.042489275
1.991,0.000935275,2128.785651
0.008,0.000744287,10.74854189
0.007,0.00072457,9.660902328
0.125,0.00077793,160.6828378
0.04,0.000750849,53.27302827
0.829,0.000813026,1019.647588
0.007,0.000760808,9.200744472
0.008,0.000710794,11.25501904
1.484,0.000858952,1727.686762
0.007,0.000729389,9.597073715
0.046,0.000746712,61.60340265
0.002,0.0007351,2.72071827
0.012,0.00070845,16.93838662
0.065,0.000728857,89.18073093
0.019,0.000731052,25.98994326
0.005,0.000718098,6.962837941
1.312,0.000803297,1633.268891
0.174,0.000702609,247.6484076
0.081,0.000744868,108.7440996
0.751,0.000798709,940.2673564
0.011,0.000726814,15.13454611
0.011,0.000720272,15.27200835
0.258,0.000766158,336.7451622
0.019,0.000743726,25.54704286
0.124,0.00076205,162.7189817
0.019,0.000732485,25.93909773
0.463,0.000753935,614.1112961
0.373,0.000755608,493.642206
1.348,0.000803247,1678.188652
0.04,0.00070865,56.44535384
0.006,0.000711515,8.432710484
0.138,0.000724109,190.5790427
0.136,0.000754065,180.3558049
0.013,0.000788731,16.482172
0.125,0.000730902,171.0215597
0.04,0.000690496,57.92937251
0.006,0.000722195,8.308005456
0.013,0.000709382,18.32581035
1.042,0.00083619,1246.128272
0.01,0.000754696,13.25036836
0.261,0.000774634,336.933313
0.024,0.000728888,32.92686942
0.035,0.000818236,42.77494513
0.012,0.000723107,16.5950544
0.134,0.000756961,177.0236512
0.007,0.000729138,9.600377432
0.024,0.000723297,33.18139022
0.005,0.000744847,6.712787995
0.004,0.000835048,4.7901438
0.005,0.000749777,6.668649478
0.113,0.000738356,153.0427057
0.007,0.000806554,8.678898127
0.006,0.000729068,8.229685023
0.073,0.000758944,96.18627988
0.137,0.000738286,185.5649437
0.75,0.000811112,924.6565209
0.799,0.000806934,990.1677213
0.009,0.000746612,12.05445399
0.027,0.00072499,37.24189299
0.007,0.000695896,10.05897433
0.373,0.000869863,428.8031564
0.044,0.000749076,58.73903316
1.148,0.000775605,1480.134862
0.009,0.000688212,13.0773657
0.052,0.000693872,74.941776
0.005,0.000728146,6.866754744
0.05,0.000732985,68.21421994
0.166,0.000721594,230.0462587
0.021,0.000727235,28.87649797
0.005,0.000717126,6.972275444
0.005,0.000691347,7.232258186
0.053,0.000693101,76.4679318
0.252,0.000755929,333.3646414
0.011,0.000716264,15.35746596
0.004,0.000733176,5.455715954
0.211,0.000750308,281.2178465
0.031,0.000744848,41.6192297
0.002,0.000760117,2.631173885
0.008,0.000752111,10.63672782
1.199,0.00079909,1500.45677
0.03,0.00074624,40.20154374
0.021,0.000668063,31.43416115
0.007,0.000760757,9.201361276
0.004,0.000717306,5.576420663
0.009,0.000725712,12.40161386
0.012,0.000728276,16.47726961
0.142,0.000755197,188.030408
0.011,0.000709712,15.49924476
0.046,0.000743665,61.85580873
0.017,0.00074077,22.94909351
0.006,0.000727635,8.245892515
0.04,0.000733777,54.5124745
0.034,0.00071377,47.63439203
0.037,0.00074039,49.97366253
0.083,0.000771999,107.5130926
0.442,0.000781206,565.7918654
0.178,0.00072982,243.8957551
0.234,0.000743656,314.6616177
1.563,0.000992252,1575.204686
0.005,0.000739388,6.762349402
0.007,0.000739558,9.465112946
0.49,0.000793619,617.424734
0.007,0.00073519,9.521348223
0.784,0.000769624,1018.679251
0.136,0.000768062,177.0690387
0.046,0.00073511,62.57566895
0.051,0.000732275,69.64596634
0.536,0.000729149,735.1035248
0.012,0.00071443,16.79660709
0.004,0.000705795,5.667368003
0.008,0.000726724,11.00830577
0.005,0.000752302,6.646267058
0.022,0.000717467,30.66343121
0.005,0.000694543,7.198978321
0.009,0.000728307,12.3574262
0.014,0.000690175,20.2847104
0.035,0.000691197,50.63679385
0.011,0.0007033,15.64055168
0.009,0.000712086,12.63892283
0.184,0.000725181,253.7297585
0.087,0.000759305,114.5784632
0.087,0.000736161,118.1806697
0.01,0.000748484,13.36033903
0.003,0.000778691,3.852619332
0.008,0.000741261,10.79241994
0.275,0.000762702,360.5602188
0.024,0.000707588,33.9180427
0.024,0.000723287,33.18184898
0.01,0.000722365,13.84341711
0.004,0.000714842,5.595642114
0.066,0.000722977,91.28921114
0.846,0.000739447,1144.098225
0.105,0.000728617,144.1086332
0.165,0.000731743,225.4890037
0.343,0.000756479,453.41642
0.009,0.000663926,13.5557276
0.011,0.000735049,14.96498873
0.008,0.000719761,11.11480061
0.005,0.000774664,6.454411203
0.02,0.000717647,27.86885474
0.018,0.000728316,24.71454698
0.005,0.000595457,8.396911952
0.042,0.000735781,57.08220245
0.015,0.00085254,17.59448237
0.177,0.000753595,234.8741698
0.134,0.00076186,175.8853333
0.097,0.000728537,133.1435466
0.015,0.001069137,14.03000738
0.009,0.000718409,12.5276827
0.009,0.00074079,12.14919208
0.008,0.000716856,11.15984242
0.007,0.000695675,10.06216984
0.028,0.000716144,39.09828191
2.438,0.001007961,2418.744376
0.019,0.000698691,27.19370938
0.021,0.000735701,28.54420478
0.035,0.000775235,45.14760041
0.024,0.000730321,32.86226194
0.007,0.000745649,9.387795062
0.026,0.000747804,34.76846874
0.051,0.000729098,69.94944438
0.012,0.00072488,16.55446419
0.538,0.000832853,645.9723385
0.05,0.000765296,65.33419749
0.009,0.000733176,12.2753609
0.01,0.000748204,13.36533886
0.599,0.000770436,777.4818415
2.447,0.000877217,2789.503623
0.039,0.000725501,53.75595623
0.008,0.00076693,10.43119972
0.74,0.000823115,899.0238302
0.022,0.000729289,30.16636752
0.009,0.000746551,12.05543895
0.093,0.000744448,124.9247765
0.033,0.000733717,44.97646913
0.053,0.000747884,70.86660498
1.089,0.000812926,1339.605327
0.018,0.000700735,25.68731403
0.018,0.000765337,23.51905108
0.004,0.000732785,5.458627019
0.019,0.000781868,24.30077711
0.012,0.000716314,16.7524298
0.029,0.000709241,40.88878111
0.037,0.000728878,50.76295347
0.017,0.00075628,22.47844714
0.007,0.000739628,9.464217147
0.012,0.000738646,16.2459419
0.014,0.000706015,19.82960702
0.009,0.000736973,12.21211632
0.015,0.000727666,20.61385306
0.018,0.000738235,24.38247983
0.075,0.000714541,104.9624864
0.014,0.000749477,18.67969264
0.011,0.000691989,15.89620644
0.231,0.000719871,320.8908263
0.267,0.000739157,361.2223114
0.004,0.000736172,5.43351282
0.176,0.000715042,246.1393876
0.02,0.000731563,27.33872544
0.996,0.000770075,1293.380515
0.014,0.000749567,18.67744978
0.136,0.000792888,171.524856
0.108,0.000782439,138.0299295
0.004,0.000822053,4.865866313
0.003,0.000738286,4.06346592
0.035,0.000756771,46.24912953
0.029,0.000732605,39.58476942
0.004,0.000747814,5.348923663
0.023,0.00074075,31.04961188
0.012,0.000734268,16.34280671
0.06,0.000758955,79.05607052
0.004,0.000779694,5.130217752
0.429,0.000755227,568.041132
0.013,0.000756029,17.1951076
0.005,0.000714661,6.996324131
0.1,0.000737785,135.5408418
1.251,0.000829847,1507.506805
0.005,0.000637115,7.847876757
0.01,0.000694744,14.39379109
0.003,0.000779322,3.84949995
0.102,0.000736292,138.5319955
0.043,0.000719901,59.73043516
2.149,0.000914536,2349.825485
0.03,0.000757722,39.59235709
0.01,0.000763814,13.0921926
0.077,0.000729329,105.5764957
0.17,0.000763122,222.7690985
4.36,0.000996029,4377.382586
0.973,0.00078312,1242.466033
0.008,0.00071905,11.12579097
0.005,0.000809109,6.179637107
3.58,0.001007691,3552.676366
0.005,0.00081528,6.13286233
0.031,0.000723838,42.82726245
0.027,0.000810181,33.32588644
0.33,0.000782067,421.9587324
0.019,0.000726774,26.14292751
0.276,0.000746762,369.5956677
0.027,0.000754185,35.80023469
0.007,0.000804469,8.70139185
0.013,0.000749297,17.34959569
0.002,0.000735991,2.717424534
0.019,0.000823124,23.0827919
0.069,0.000807536,85.44510709
0.092,0.000734088,125.325574
0.002,0.000735931,2.717646084
0.013,0.000784222,16.57693867
0.149,0.000743706,200.347987
0.042,0.000733988,57.22164395
0.315,0.000914246,344.5462162
0.006,0.000745149,8.052080859
0.048,0.000736773,65.14896719
0.031,0.00071902,43.11423883
0.062,0.000734859,84.36992675
0.004,0.00074575,5.363727791
0.005,0.000733326,6.818250001
0.007,0.000739468,9.466264936
0.362,0.000755578,479.1034149
0.02,0.00076199,26.24706361
2.113,0.000838394,2520.294754
0.02,0.000728717,27.44549667
0.126,0.000818336,153.970985
0.219,0.000745278,293.8500801
0.196,0.000742514,263.9680868
0.004,0.000754867,5.298946702
0.01,0.000726594,13.76284417
0.007,0.000771598,9.072081576
0.871,0.0007942,1096.701083
0.01,0.000763743,13.09340969
0.04,0.000734779,54.43813718
0.004,0.000742423,5.387764118
0.035,0.000748455,46.76299844
0.012,0.000764324,15.7001481
0.077,0.000727565,105.8324686
0.741,0.000822694,900.6994095
0.084,0.000742353,113.1537153
0.01,0.000722667,13.83763199
0.006,0.0006818,8.800234673
0.016,0.000749898,21.33623506
0.003,0.000761239,3.940943646
0.019,0.00074026,25.66665766
0.008,0.000743585,10.75868932
0.014,0.000716715,19.53356634
0.012,0.000754146,15.91203825
0.018,0.000758975,23.71619619
0.01,0.000737494,13.55943235
0.002,0.000723778,2.763278243
0.004,0.00075149,5.322758786
0.02,0.000784944,25.47952465
0.273,0.000856317,318.8071707
0.025,0.000705144,35.45375129
0.121,0.000760217,159.1650805
0.004,0.000787849,5.077115031
0.113,0.000749256,150.8162764
0.024,0.000774934,30.97037941
3.826,0.00103378,3700.980866
0.014,0.000730841,19.15601341
0.068,0.000778711,87.32379535
0.076,0.000780946,97.31786833
0.418,0.00095879,435.9661657
0.012,0.000739308,16.23139476
0.108,0.000784913,137.5948672
0.165,0.000740139,222.9310981
0.021,0.000768573,27.32336421
0.006,0.000746461,8.037928304
0.01,0.000742934,13.46014585
0.002,0.000769394,2.599448397
0.004,0.00073525,5.44032642
0.089,0.000719771,123.6504388
0.043,0.000678493,63.37574595
0.054,0.000754035,71.61471284
0.055,0.000716545,76.75721692
0.007,0.000739518,9.465624907
0.008,0.00069277,11.54784416
0.943,0.000812304,1160.895428
0.352,0.000773912,454.8320739
0.167,0.001074015,155.4913106
0.053,0.000749586,70.70569621
0.081,0.000776998,104.2473726
0.008,0.000713369,11.21439255
0.004,0.000727696,5.496800862
0.014,0.00074574,18.77329901
0.013,0.000663545,19.59173831
0.912,0.000829547,1099.395212
0.034,0.000818346,41.54721841
1.236,0.000846469,1460.183421
0.119,0.000752052,158.2337392
0.028,0.000722596,38.74917658
0.03,0.000746191,40.20418365
0.012,0.000722606,16.60656014
0.026,0.00073552,35.34914074
0.533,0.000763623,697.9884053
2.453,0.000892455,2748.597969
0.048,0.00073004,65.74982193
0.021,0.000725382,28.95026345
0.017,0.000739798,22.97924569
0.018,0.00072452,24.84403467
0.011,0.000738116,14.9028066
0.333,0.000734628,453.2906451
0.669,0.00085247,784.77835
0.006,0.000744307,8.061189805
0.248,0.000731764,338.9070793
0.026,0.000754696,34.45095774
0.617,0.000785765,785.2220448
0.021,0.000721714,29.09739869
0.059,0.000742002,79.51461047
0.121,0.000765546,158.0571252
0.07,0.00072956,95.94824278
0.013,0.00071913,18.07739908
0.006,0.000741823,8.088182761
0.051,0.000758514,67.23672866
0.012,0.000713569,16.81687405
0.004,0.000731403,5.468941199
0.047,0.000772991,60.80277778
0.547,0.000768513,711.7641471
0.847,0.000818917,1034.292853
0.053,0.000733567,72.24970589
0.02,0.000731923,27.32527875
0.005,0.000790033,6.328849554
0.004,0.000727235,5.500285327
0.02,0.000728026,27.47154635
0.018,0.000696006,25.86184602
0.014,0.000757482,18.48228737
0.009,0.000682922,13.17866462
0.012,0.000757542,15.84070586
0.011,0.000729108,15.08692814
0.009,0.000697909,12.89566405
0.007,0.000727465,9.622456063
0.077,0.000704813,109.2488362
2.326,0.000891633,2608.696627
2.243,0.00090599,2475.744765
0.002,0.000718038,2.785367905
0.265,0.000754836,351.0696363
2.916,0.000899559,3241.588378
0.011,0.000768262,14.31803213
0.19,0.000735671,258.2676223
0.007,0.000754346,9.279561368
0.006,0.000761249,7.881783753
0.005,0.000739618,6.760246506
0.008,0.000715302,11.18408728
0.037,0.000768462,48.14811923
0.005,0.000745439,6.707456948
0.07,0.000714841,97.92387398
0.006,0.000711184,8.436635245
0.014,0.00074074,18.9000189
0.028,0.000756559,37.00967142
0.142,0.000744648,190.6941266
0.002,0.000723448,2.764538709
0.013,0.000683943,19.00743191
0.099,0.000737364,134.262047
0.011,0.000735791,14.94989746
0.015,0.000750138,19.99632068
0.004,0.000716034,5.586326906
0.007,0.000731753,9.566069425
0.191,0.000768061,248.6781649
0.071,0.000696317,101.9650533
0.028,0.000754206,37.12513557
0.105,0.000789231,133.0408968
0.073,0.000804069,90.78822837
0.015,0.00071386,21.01252346
0.005,0.000721734,6.927760089
0.015,0.0007459,20.10993431
0.011,0.000759636,14.48061967
0.013,0.000911881,14.25624615
0.011,0.000709672,15.50011836
0.011,0.000814759,13.50092481
0.002,0.000710774,2.813833933
0.571,0.000763944,747.4369849
0.014,0.000759486,18.43351951
0.033,0.000732966,45.02255221
0.006,0.00071968,8.337038684
0.114,0.000739258,154.2086795
0.249,0.000770967,322.9710221
0.01,0.000774233,12.91600849
1.156,0.000816502,1415.795675
0.008,0.000731784,10.93218764
0.008,0.000706536,11.32284838
0.009,0.000734118,12.25960949
0.248,0.000818787,302.8870756
1.076,0.000803408,1339.294605
4.065,0.001098371,3700.935294
0.006,0.000738546,8.124070809
0.041,0.000711896,57.59268208
0.016,0.000705143,22.690433
0.013,0.000763402,17.02903582
0.163,0.00073511,221.7355226
0.008,0.000728307,10.98437884
0.005,0.00074076,6.749824505
0.014,0.000754325,18.55963941
0.02,0.000764555,26.15900753
0.01,0.000738416,13.54250179
0.02,0.000722867,27.6676069
0.013,0.000766047,16.97023812
0.002,0.000728768,2.744357601
0.014,0.000735972,19.02246281
4.35,0.00103934,4185.348394
0.009,0.000721414,12.47549951
0.008,0.000702909,11.38127411
0.027,0.000763863,35.34665248
0.01,0.00076755,13.0284672
0.38,0.000747032,508.6796817
1.006,0.000754997,1332.455626
0.603,0.000802045,751.8281393
0.007,0.000727415,9.623117478
0.012,0.000766839,15.64865637
0.007,0.000714831,9.792524387
0.011,0.000753524,14.59807518
0.016,0.000731313,21.87845697
0.019,0.000736472,25.79867259
0.049,0.000701417,69.85858626
0.004,0.00068782,5.815474979
0.27,0.00073546,367.1171784
0.009,0.000739288,12.1738754
0.106,0.000740319,143.1815204
2.6,0.000870204,2987.805158
0.009,0.000718739,12.52193077
0.23,0.000748836,307.1433532
0.009,0.000718679,12.52297618
0.05,0.0007565,66.09385327
0.008,0.000733166,10.91158073
0.687,0.000766218,896.6116693
0.395,0.000769784,513.1309562
0.028,0.000711726,39.34098234
0.01,0.00072434,13.80567137
0.043,0.000744697,57.74160497
0.079,0.000754816,104.6612684
0.03,0.000762351,39.35195205
0.058,0.000720642,80.48379084
0.145,0.000728908,198.927711
0.028,0.000708129,39.54081813
0.02,0.000738216,27.09234154
0.004,0.000729028,5.48675771
0.008,0.000733867,10.90115784
0.057,0.000705935,80.74397784
0.005,0.000770957,6.485446011
0.859,0.000806845,1064.640668
0.005,0.000751821,6.650519206
0.084,0.000748615,112.2072093
0.02,0.000683924,29.24301531
0.057,0.00073515,77.5351969
0.012,0.00077799,15.42436278
0.021,0.000736372,28.51819461
0.028,0.00072994,38.3593172
0.026,0.000778311,33.40566946
0.042,0.00076726,54.74024451
0.051,0.000767501,66.44942482
0.005,0.000758313,6.593583388
0.014,0.000760597,18.40659377
0.008,0.000750649,10.65744442
0.01,0.000720542,13.87844151
0.054,0.00091657,58.9153038
0.018,0.000733747,24.53161648
0.012,0.000763223,15.72279661
0.037,0.000772921,47.87035156
2.861,0.001037798,2756.798529
1.346,0.00083078,1620.164183
1.235,0.000850035,1452.881352
0.144,0.000740631,194.4288046
0.282,0.000795914,354.3096365
0.033,0.000729779,45.21916909
0.005,0.000752112,6.647946051
0.212,0.000753785,281.2473053
0.009,0.00073039,12.32218404
1.495,0.000833714,1793.180875
0.012,0.000736402,16.29544732
0.006,0.000877527,6.837396456
0.068,0.00075136,90.50255537
0.002,0.000731803,2.732975951
0.897,0.000804289,1115.270755
0.027,0.000748645,36.06515772
0.033,0.000684154,48.23475416
0.015,0.000733367,20.45360645
0.026,0.000723828,35.92013572
0.02,0.00074065,27.00330791
0.008,0.000755448,10.58974278
0.011,0.00076168,14.44176032
0.039,0.000728096,53.56436514
0.011,0.000754726,14.57482583
0.499,0.00071966,693.3829864
0.071,0.000731653,97.04053698
0.012,0.000707017,16.97271777
0.118,0.000711836,165.7685197
0.17,0.000775867,219.1097185
0.01,0.000759285,13.1702852
0.621,0.000821582,755.8588187
0.01,0.000855796,11.68502774
0.902,0.000823936,1094.745223
0.098,0.000788269,124.323042
0.022,0.000876616,25.09650748
0.029,0.001090467,26.5941106
0.034,0.000792217,42.91753396
0.025,0.00076191,32.81227442
0.01,0.000716405,13.95858488
0.042,0.000726724,57.79360528
0.061,0.000709271,86.00379827
0.005,0.000727465,6.873182902
0.345,0.000841309,410.0752518
0.012,0.000751259,15.97318634
0.007,0.000761489,9.192516241
0.051,0.000764324,66.72562945
0.004,0.000748725,5.34241544
0.009,0.000742764,12.11690389
0.005,0.000735851,6.794853849
0.207,0.000765607,270.3737035
0.011,0.000731293,15.04185053
0.031,0.000728487,42.55395086
0.097,0.000764494,126.8813097
0.014,0.000706906,19.80461334
0.07,0.000748575,93.51100424
0.005,0.00072976,6.851567639
0.002,0.000713449,2.803283767
0.006,0.000733577,8.17910049
0.034,0.000769334,44.19406916
0.004,0.000832323,4.805826584
0.016,0.000703511,22.74307012
0.02,0.000774734,25.81531209
0.006,0.000733506,8.179892189
0.043,0.000755228,56.93644833
0.005,0.000735401,6.799011696
0.023,0.000746571,30.80751864
0.074,0.000730471,101.3045008
0.007,0.000726082,9.640784374
0.021,0.000794902,26.41835094
0.112,0.000781006,143.4047882
0.005,0.000737815,6.776766534
1.638,0.000865024,1893.58908
0.018,0.00075155,23.9505023
0.331,0.000776597,426.2184891
0.011,0.000742172,14.82136216
0.007,0.000748966,9.346218653
0.035,0.000759596,46.07712521
0.012,0.000714711,16.79000323
0.004,0.000728477,5.490907743
0.052,0.000741862,70.09389887
0.005,0.000723188,6.913831535
0.01,0.000726383,13.76684201
0.01,0.000884641,11.3040205
0.103,0.000720472,142.9618361
0.016,0.000716805,22.32127287
0.23,0.000733006,313.776422
0.004,0.000715143,5.593286937
0.012,0.000722096,16.61828898
0.004,0.000813216,4.918742376
0.02,0.000730561,27.37622184
0.009,0.000806313,11.16191851
0.734,0.000801124,916.2127211
0.015,0.000749236,20.02039411
0.147,0.000714681,205.6861733
0.019,0.000716484,26.51838701
0.038,0.00073555,51.66202162
3.78,0.001029012,3673.426549
0.086,0.000758604,113.3661304
0.031,0.000761489,40.70971478
0.022,0.000626556,35.11258371
0.028,0.000748845,37.39091534
0.008,0.000698151,11.45883913
0.07,0.000699062,100.1341798
0.004,0.000807014,4.956543505
0.015,0.000726023,20.66050249
2.37,0.000981362,2415.010975
0.009,0.000763393,11.78947148
0.004,0.000726133,5.508632716
0.54,0.000761009,709.5842493
0.038,0.000942118,40.33465022
2.731,0.00088463,3087.166386
0.015,0.000741993,20.21582414
6.499,0.001141252,5694.623098
0.021,0.000770507,27.25478159
0.004,0.00072443,5.521582486
4.314,0.00110298,3911.222325
0.005,0.000726403,6.883231484
0.144,0.000710483,202.6790226
0.031,0.000715944,43.29947594
0.05,0.000688161,72.65741592
2.217,0.000890591,2489.35819
0.126,0.00075659,166.5366976
0.023,0.000754606,30.47948201
0.107,0.000785695,136.1851609
2.446,0.000965763,2532.712477
0.067,0.000727425,92.10571537
7.411,0.001328984,5576.440348
0.014,0.000726022,19.28316222
0.04,0.000725842,55.10841202
0.015,0.000716324,20.94024492
0.004,0.000715472,5.590714941
0.023,0.000737905,31.16932396
0.123,0.000757883,162.29418
0.287,0.000769504,372.9675219
3.826,0.00106562,3590.398078
0.013,0.000734899,17.68950563
0.041,0.000738205,55.54012774
0.018,0.000723939,24.86397335
0.074,0.000746581,99.11851494
0.002,0.000730211,2.738934363
0.015,0.000748775,20.03272011
0.048,0.000741542,64.72998158
0.007,0.00073006,9.58825302
0.105,0.000772941,135.8447799
0.044,0.000747784,58.84052079
1.144,0.000818927,1396.949911
0.262,0.000739739,354.1789739
0.084,0.000732014,114.7519037
0.081,0.000758453,106.7963341
0.008,0.000709131,11.28141345
1.781,0.000864442,2060.288602
0.009,0.000842692,10.68005867
0.008,0.000728838,10.97637609
0.002,0.000723808,2.763163712
0.056,0.000714912,78.3313191
0.008,0.000748896,10.68239115
0.007,0.000733646,9.541386445
0.015,0.000848001,17.68865839
0.015,0.000737424,20.34107922
2.231,0.00093792,2378.66769
0.049,0.000710183,68.99630095
0.055,0.000741101,74.21390607
0.004,0.000759816,5.264432442
0.015,0.000726153,20.65680373
0.015,0.000733938,20.43769365
0.021,0.00072444,28.9879079
0.089,0.000779603,114.160669
1.511,0.000864963,1746.895532
1.325,0.000839696,1577.952021
0.097,0.000931509,104.1321125
0.002,0.00072465,2.759953081
1.108,0.00078887,1404.540672
0.195,0.000732505,266.209787
1.322,0.000797396,1657.896453
0.202,0.000796745,253.5315565
0.008,0.000714471,11.19709547
0.594,0.000769655,771.7743664
0.375,0.000758153,494.623117
0.077,0.000733336,104.9996182
0.074,0.000716304,103.3080927
0.012,0.000731884,16.3960409
0.02,0.00069779,28.66191834
0.007,0.000705955,9.915646181
0.04,0.000739067,54.12229202
0.032,0.000721404,44.35794645
0.007,0.000717787,9.752196682
0.017,0.000716625,23.72230944
0.004,0.00073574,5.436703183
0.009,0.000763934,11.78112245
0.008,0.000741181,10.79358483
0.006,0.000726694,8.256570166
0.004,0.000693792,5.765416724
0.111,0.000729439,152.1717375
0.061,0.000729088,83.66616924
0.115,0.000726694,158.2509282
0.075,0.000720973,104.026087
0.034,0.000759285,44.77896969
0.005,0.000731372,6.836466258
0.007,0.000712197,9.828741205
0.012,0.000732745,16.376775
0.027,0.000722466,37.3720009
0.011,0.00072496,15.17325094
0.018,0.000716295,25.12931125
0.006,0.000811804,7.390946583
0.004,0.000716375,5.583667772
0.005,0.000721725,6.927846479
0.016,0.000709732,22.54372073
0.007,0.000727796,9.618079792
0.018,0.000725842,24.79878541
0.007,0.000721384,9.703569805
0.023,0.000722456,31.83584883
0.023,0.000719881,31.94972502
0.706,0.000776046,909.7398866
0.038,0.000752993,50.46527657
0.112,0.000955914,117.1653517
0.006,0.00073537,8.159157975
0.011,0.000741491,14.8349744
0.056,0.000748534,74.81290095
0.029,0.000693051,41.84396242
0.034,0.000737173,46.12214501
0.005,0.000712877,7.013832681
0.069,0.000751861,91.77228238
0.622,0.000765206,812.8530095